EmployeeID,EmployeeName,Gender,Age,DepartmentID,JobRole,HireDate,Salary,Attrition
EMP0001,Tanmay Singh,Female,37,D006,Digital Marketing Executive,2023-09-09,663917,No
EMP0002,Anika Sharma,Male,56,D002,Software Engineer,2021-06-27,867787,No
EMP0003,Suresh Patel,Female,43,D008,UX Researcher,2023-01-28,800758,No
EMP0004,Riya Jain,Male,51,D003,Customer Success Associate,2020-03-06,391050,Yes
EMP0005,Reyansh Mehta,Male,24,D005,HR Manager,2018-10-11,972139,No
EMP0006,Sai Jain,Male,45,D006,SEO Analyst,2022-03-17,564921,No
EMP0007,Ritika Mehta,Male,51,D002,QA Analyst,2021-12-08,880765,No
EMP0008,Mohan Verma,Female,47,D001,Sales Executive,2023-03-11,450970,No
EMP0009,Ritika Roy,Female,31,D006,SEO Analyst,2023-03-23,546603,No
EMP0010,Krishna Kumar,Male,54,D003,Support Executive,2020-08-28,492166,Yes
EMP0011,Ritika Sharma,Male,46,D006,Marketing Manager,2021-11-29,1074096,No
EMP0012,Aarav Nair,Female,29,D005,Recruiter,2022-11-25,583971,No
EMP0013,Rahul Das,Male,41,D007,Operations Manager,2016-10-02,1015798,No
EMP0014,Sara Saha,Female,23,D010,Senior Data Analyst,2024-12-08,1140918,No
EMP0015,Ritika Das,Male,56,D001,Sales Lead,2017-08-09,709591,No
EMP0016,Sneha Banerjee,Female,47,D010,BI Analyst,2018-08-29,860361,No
EMP0017,Myra Sharma,Female,23,D002,Software Engineer,2019-08-06,955207,No
EMP0018,Kavya Roy,Female,26,D001,Sales Executive,2020-06-05,457404,No
EMP0019,Ayaan Ghosh,Female,37,D007,Operations Manager,2017-05-24,944682,No
EMP0020,Sara Sen,Male,25,D007,Operations Manager,2021-09-04,977762,No
EMP0021,Sai Banerjee,Female,33,D005,HR Executive,2023-01-26,475167,No
EMP0022,Pooja Gupta,Male,37,D001,Sales Executive,2024-04-29,500673,No
EMP0023,Ritika Chatterjee,Female,51,D003,Customer Success Associate,2022-12-29,454885,No
EMP0024,Sneha Das,Male,42,D005,HR Manager,2025-07-20,829427,No
EMP0025,Sara Kapoor,Male,26,D010,Data Analyst,2019-07-09,707815,No
EMP0026,Ira Sen,Male,48,D005,HR Executive,2018-10-27,549919,No
EMP0027,Aarav Banerjee,Male,41,D002,Tech Lead,2021-01-24,1352863,No
EMP0028,Ananya Banerjee,Female,30,D001,Senior Sales Executive,2022-04-12,622480,No
EMP0029,Ishaan Nair,Male,57,D005,Recruiter,2022-11-01,643903,No
EMP0030,Ira Mishra,Male,43,D002,DevOps Engineer,2023-11-29,990223,No
EMP0031,Suresh Kumar,Male,49,D002,Software Engineer,2016-11-21,882530,Yes
EMP0032,Rahul Saha,Male,29,D007,Operations Manager,2025-05-07,811170,Yes
EMP0033,Ayaan Yadav,Female,24,D001,Account Manager,2022-03-07,898939,No
EMP0034,Vivaan Das,Male,32,D010,BI Analyst,2017-03-22,736413,No
EMP0035,Karan Mehta,Male,39,D010,Analytics Lead,2024-05-28,1026954,No
EMP0036,Sai Nair,Male,23,D003,Support Executive,2018-10-16,391799,No
EMP0037,Ira Gupta,Female,23,D003,Support Lead,2024-11-24,693761,No
EMP0038,Sanjay Sharma,Male,46,D008,Product Manager,2019-09-23,1106429,Yes
EMP0039,Jaya Verma,Male,45,D005,HR Manager,2021-05-10,860811,No
EMP0040,Neha Kapoor,Female,42,D004,Finance Manager,2021-09-05,1070343,No
EMP0041,Kavya Ghosh,Female,47,D007,Operations Executive,2020-01-18,325467,No
EMP0042,Ananya Singh,Male,54,D004,Financial Analyst,2020-11-19,798072,No
EMP0043,Aadhya Kumar,Female,27,D005,HR Manager,2017-01-05,949507,No
EMP0044,Vishal Chatterjee,Female,48,D006,Digital Marketing Executive,2019-02-17,493243,No
EMP0045,Sneha Banerjee,Male,49,D002,Software Engineer,2023-09-27,856107,No
EMP0046,Amit Ghosh,Female,55,D001,Senior Sales Executive,2019-12-04,812876,No
EMP0047,Anika Mishra,Male,52,D010,Analytics Lead,2021-02-22,1202964,No
EMP0048,Shaurya Mehta,Male,39,D001,Account Manager,2022-06-05,919216,Yes
EMP0049,Kavya Ghosh,Female,48,D007,Operations Executive,2022-06-25,466579,No
EMP0050,Neha Roy,Female,22,D001,Sales Lead,2022-04-01,964077,No
EMP0051,Vishal Verma,Male,53,D007,Operations Manager,2023-09-25,847347,No
EMP0052,Vivaan Singh,Male,56,D002,Tech Lead,2025-11-21,1351741,No
EMP0053,Meena Verma,Male,25,D004,Financial Analyst,2023-04-11,689379,No
EMP0054,Arjun Yadav,Female,27,D007,Process Analyst,2020-12-01,415081,No
EMP0055,Sara Kumar,Male,23,D006,Marketing Manager,2023-06-03,799864,No
EMP0056,Krishna Das,Female,32,D004,Financial Analyst,2019-05-26,749186,No
EMP0057,Aadhya Singh,Female,58,D001,Sales Executive,2018-08-06,438876,No
EMP0058,Rahul Singh,Male,58,D001,Account Manager,2017-06-01,722549,No
EMP0059,Meena Kumar,Female,53,D006,Digital Marketing Executive,2025-01-03,546534,No
EMP0060,Reyansh Nair,Female,49,D002,Tech Lead,2016-12-06,1215206,No
EMP0061,Diya Chatterjee,Female,43,D004,Financial Analyst,2025-11-14,719579,No
EMP0062,Neha Chatterjee,Male,55,D002,DevOps Engineer,2024-01-19,832442,No
EMP0063,Pooja Mehta,Female,50,D007,Operations Manager,2017-04-20,623433,No
EMP0064,Anika Rao,Female,57,D005,Recruiter,2022-06-26,562225,No
EMP0065,Diya Sen,Female,29,D002,QA Analyst,2017-11-11,950473,No
EMP0066,Diya Rao,Female,28,D005,HR Manager,2016-11-08,829432,No
EMP0067,Ishaan Chatterjee,Female,24,D007,Operations Executive,2025-07-31,420317,No
EMP0068,Karan Patel,Female,33,D004,Financial Analyst,2025-08-13,656185,No
EMP0069,Mohan Rao,Male,58,D001,Sales Lead,2019-02-18,677880,Yes
EMP0070,Komal Ghosh,Male,55,D006,Marketing Manager,2021-12-04,1042255,No
EMP0071,Ananya Mehta,Male,35,D005,HR Executive,2019-03-06,495546,No
EMP0072,Meena Singh,Female,40,D003,Support Lead,2025-10-29,706884,No
EMP0073,Shaurya Nair,Male,49,D002,DevOps Engineer,2024-11-26,952753,No
EMP0074,Pooja Nair,Female,50,D008,UX Researcher,2024-10-18,882866,No
EMP0075,Ira Sharma,Male,24,D005,Recruiter,2021-05-07,662553,No
EMP0076,Sneha Banerjee,Female,58,D005,HR Executive,2025-09-28,588240,No
EMP0077,Ayaan Das,Female,27,D002,Tech Lead,2020-12-02,1279477,No
EMP0078,Krishna Kapoor,Male,51,D006,SEO Analyst,2025-03-16,592448,No
EMP0079,Vikram Gupta,Female,25,D010,Analytics Lead,2024-02-02,1222895,No
EMP0080,Ritika Sharma,Female,29,D004,Finance Manager,2025-11-13,1081525,No
EMP0081,Riya Mishra,Female,29,D002,Software Engineer,2018-12-05,850362,No
EMP0082,Alok Mishra,Female,57,D010,BI Analyst,2024-07-27,790554,No
EMP0083,Aarav Rao,Female,48,D009,Legal Associate,2022-05-19,711477,No
EMP0084,Tanmay Kapoor,Male,50,D010,Analytics Lead,2020-02-25,1214406,No
EMP0085,Neha Gupta,Male,58,D010,BI Analyst,2021-11-24,751226,No
EMP0086,Suresh Patel,Male,53,D003,Support Lead,2025-10-11,707861,No
EMP0087,Shaurya Singh,Female,22,D008,Product Analyst,2018-02-02,797789,No
EMP0088,Vishal Verma,Male,43,D006,SEO Analyst,2016-08-19,686778,No
EMP0089,Riya Mehta,Male,26,D007,Process Analyst,2023-07-24,575455,No
EMP0090,Arjun Rao,Male,50,D007,Operations Manager,2024-04-29,754594,Yes
EMP0091,Jaya Mehta,Male,32,D001,Sales Lead,2024-03-24,811176,No
EMP0092,Meena Rao,Female,38,D004,Financial Analyst,2018-09-18,592463,No
EMP0093,Ira Banerjee,Female,44,D005,HR Executive,2019-08-09,587888,No
EMP0094,Riya Sharma,Male,46,D008,Product Analyst,2019-10-12,854098,No
EMP0095,Arjun Jain,Male,58,D006,SEO Analyst,2016-06-28,689778,No
EMP0096,Ishaan Patel,Female,36,D007,Operations Executive,2019-01-20,530302,No
EMP0097,Reyansh Rao,Female,24,D006,SEO Analyst,2019-09-11,605646,No
EMP0098,Suresh Patel,Female,32,D001,Account Manager,2023-04-24,939996,No
EMP0099,Pooja Sharma,Male,47,D010,BI Analyst,2016-09-15,836096,No
EMP0100,Karan Sharma,Female,46,D006,Marketing Manager,2016-12-20,913161,No
EMP0101,Priya Ghosh,Female,36,D009,Legal Manager,2018-12-06,1039710,No
EMP0102,Meena Yadav,Male,28,D003,Customer Success Associate,2023-07-24,382767,Yes
EMP0103,Anika Gupta,Female,31,D007,Operations Manager,2021-07-16,770194,No
EMP0104,Aadhya Patel,Male,45,D010,Senior Data Analyst,2020-02-01,1073920,No
EMP0105,Ishaan Saha,Male,23,D008,Product Analyst,2025-08-16,966253,No
EMP0106,Alok Sharma,Male,43,D002,QA Analyst,2017-07-05,848680,No
EMP0107,Vivaan Kumar,Male,56,D008,Product Analyst,2023-05-20,969325,No
EMP0108,Krishna Singh,Male,38,D005,HR Executive,2025-08-09,626129,No
EMP0109,Aditya Mishra,Male,50,D004,Financial Analyst,2020-07-17,648077,No
EMP0110,Vikram Singh,Female,49,D001,Sales Lead,2018-07-01,795124,No
EMP0111,Ravi Kapoor,Male,30,D003,Support Executive,2023-02-09,425042,No
EMP0112,Myra Ghosh,Male,57,D004,Finance Manager,2018-02-09,995474,No
EMP0113,Rahul Kumar,Female,28,D008,Product Manager,2022-09-08,1245673,No
EMP0114,Ishaan Roy,Female,28,D008,Product Analyst,2017-11-04,953670,No
EMP0115,Sanjay Gupta,Female,29,D005,HR Manager,2021-08-02,1009802,No
EMP0116,Ritika Yadav,Female,36,D004,Accountant,2016-09-09,618368,No
EMP0117,Anika Sharma,Male,49,D007,Operations Manager,2016-09-18,763408,No
EMP0118,Vivaan Singh,Male,33,D010,Senior Data Analyst,2024-08-02,1098367,No
EMP0119,Mohan Jain,Female,32,D003,Customer Success Associate,2022-01-16,468739,No
EMP0120,Vikram Ghosh,Male,39,D007,Operations Executive,2021-03-23,447772,No
EMP0121,Komal Chatterjee,Female,49,D002,Software Engineer,2024-12-12,884251,No
EMP0122,Ira Rao,Male,22,D003,Support Lead,2023-11-25,723403,No
EMP0123,Amit Roy,Female,33,D001,Sales Lead,2024-09-28,948951,No
EMP0124,Mohan Ghosh,Male,49,D003,Support Lead,2025-12-25,771454,No
EMP0125,Ananya Jain,Female,40,D003,Support Lead,2024-11-25,727820,No
EMP0126,Priya Verma,Male,49,D001,Sales Executive,2019-08-03,511110,Yes
EMP0127,Shaurya Mehta,Male,44,D002,Software Engineer,2022-04-03,1000678,No
EMP0128,Komal Banerjee,Male,33,D006,Marketing Manager,2017-07-11,1070681,No
EMP0129,Priya Nair,Female,31,D010,Senior Data Analyst,2021-04-05,1028725,No
EMP0130,Reyansh Jain,Male,25,D003,Customer Success Associate,2022-01-21,320749,Yes
EMP0131,Amit Kumar,Male,50,D004,Finance Manager,2017-02-09,952977,No
EMP0132,Vikram Banerjee,Male,54,D009,Compliance Analyst,2018-12-12,705235,Yes
EMP0133,Alok Gupta,Female,46,D002,DevOps Engineer,2021-08-10,1013021,No
EMP0134,Shaurya Yadav,Female,40,D003,Support Lead,2023-05-14,676226,Yes
EMP0135,Suresh Kumar,Male,27,D007,Process Analyst,2022-09-20,556518,No
EMP0136,Diya Sen,Female,54,D010,Data Analyst,2022-02-18,694779,No
EMP0137,Ayaan Mishra,Male,36,D010,Analytics Lead,2024-08-25,971463,No
EMP0138,Jaya Das,Female,30,D005,HR Manager,2019-06-30,887945,No
EMP0139,Vikram Mehta,Female,37,D004,Financial Analyst,2021-03-18,750063,No
EMP0140,Vishal Mishra,Female,58,D008,Product Analyst,2021-04-02,881026,No
EMP0141,Rahul Roy,Male,30,D003,Support Executive,2023-05-22,464662,No
EMP0142,Reyansh Mehta,Female,50,D002,QA Analyst,2020-06-08,848626,No
EMP0143,Sara Kapoor,Male,48,D004,Financial Analyst,2025-08-05,693928,No
EMP0144,Karan Kumar,Female,31,D003,Support Executive,2024-08-25,372693,No
EMP0145,Shaurya Roy,Male,27,D007,Process Analyst,2025-12-24,477088,No
EMP0146,Jaya Banerjee,Male,25,D002,DevOps Engineer,2023-07-09,920054,No
EMP0147,Sanjay Sharma,Male,54,D001,Sales Lead,2019-09-29,925207,Yes
EMP0148,Ritika Sharma,Female,26,D006,Marketing Manager,2020-04-17,1162138,No
EMP0149,Sai Yadav,Female,45,D009,Legal Associate,2023-05-08,585281,No
EMP0150,Diya Banerjee,Female,30,D007,Operations Manager,2025-09-11,917840,No
EMP0151,Aadhya Gupta,Male,51,D002,QA Analyst,2025-10-11,886924,No
EMP0152,Arjun Verma,Female,24,D010,Analytics Lead,2017-09-29,1045195,No
EMP0153,Diya Chatterjee,Female,47,D001,Account Manager,2017-11-09,941904,No
EMP0154,Ravi Patel,Female,27,D005,HR Executive,2021-05-13,447823,No
EMP0155,Vikram Yadav,Female,50,D003,Customer Success Associate,2019-06-08,364671,Yes
EMP0156,Ananya Sharma,Male,26,D004,Finance Manager,2018-08-31,1078210,No
EMP0157,Rahul Yadav,Female,24,D008,UX Researcher,2024-10-10,777624,No
EMP0158,Rahul Kapoor,Female,45,D002,Tech Lead,2021-03-19,1180760,No
EMP0159,Ritika Patel,Male,23,D006,Digital Marketing Executive,2017-12-10,598629,No
EMP0160,Vikram Das,Female,34,D002,DevOps Engineer,2024-10-25,845580,No
EMP0161,Riya Rao,Female,44,D004,Accountant,2018-03-27,607023,No
EMP0162,Nisha Sharma,Male,29,D006,SEO Analyst,2023-12-09,717635,No
EMP0163,Sai Rao,Female,57,D005,Recruiter,2024-09-26,630418,No
EMP0164,Meena Mishra,Male,30,D005,Recruiter,2022-08-21,638385,No
EMP0165,Priya Das,Male,49,D001,Senior Sales Executive,2020-07-21,587114,No
EMP0166,Anika Kumar,Female,27,D003,Support Lead,2023-05-20,779394,No
EMP0167,Vivaan Singh,Male,31,D005,HR Manager,2024-04-09,974758,Yes
EMP0168,Karan Mehta,Male,53,D002,Tech Lead,2019-02-28,1310143,No
EMP0169,Karan Banerjee,Female,51,D008,Product Manager,2025-05-17,1012850,No
EMP0170,Ritika Patel,Female,47,D009,Compliance Analyst,2024-09-22,859403,No
EMP0171,Riya Kapoor,Female,50,D002,Software Engineer,2023-05-31,846930,Yes
EMP0172,Amit Banerjee,Female,34,D008,UX Researcher,2017-08-20,801770,No
EMP0173,Sara Sen,Male,27,D009,Compliance Analyst,2021-10-13,792499,No
EMP0174,Ira Yadav,Female,40,D004,Finance Manager,2020-03-04,802466,No
EMP0175,Riya Singh,Female,25,D003,Support Executive,2019-10-19,314208,No
EMP0176,Suresh Roy,Male,28,D002,Software Engineer,2021-10-10,907831,No
EMP0177,Suresh Chatterjee,Female,54,D007,Operations Executive,2025-09-28,387232,Yes
EMP0178,Amit Roy,Male,47,D010,Senior Data Analyst,2019-04-12,1182525,No
EMP0179,Neha Saha,Female,23,D007,Process Analyst,2022-01-23,496832,No
EMP0180,Myra Gupta,Female,38,D006,Digital Marketing Executive,2018-11-03,632158,No
EMP0181,Krishna Sen,Female,31,D005,HR Manager,2016-12-23,785256,No
EMP0182,Arjun Kumar,Female,54,D003,Support Executive,2017-07-02,383555,No
EMP0183,Meena Roy,Female,55,D002,DevOps Engineer,2021-12-19,892248,No
EMP0184,Myra Rao,Female,52,D009,Legal Manager,2024-01-14,1042386,No
EMP0185,Anika Rao,Female,42,D002,QA Analyst,2020-10-23,901436,No
EMP0186,Reyansh Yadav,Female,31,D009,Compliance Analyst,2022-12-08,671027,No
EMP0187,Ishaan Patel,Female,35,D006,Marketing Manager,2023-12-05,979480,No
EMP0188,Ishaan Sharma,Male,25,D001,Senior Sales Executive,2025-01-25,963093,No
EMP0189,Riya Verma,Female,52,D010,BI Analyst,2020-11-02,860534,No
EMP0190,Diya Rao,Male,33,D001,Senior Sales Executive,2021-07-04,773851,No
EMP0191,Nisha Kumar,Male,43,D001,Account Manager,2023-01-01,1016325,No
EMP0192,Suresh Rao,Male,51,D008,Product Manager,2018-12-03,1263256,No
EMP0193,Pooja Patel,Male,47,D006,Digital Marketing Executive,2016-12-01,587048,No
EMP0194,Suresh Rao,Female,46,D010,Data Analyst,2023-07-21,807109,No
EMP0195,Meena Rao,Female,45,D007,Operations Executive,2018-06-04,380799,No
EMP0196,Ishaan Chatterjee,Male,40,D007,Process Analyst,2022-01-26,571120,No
EMP0197,Kavya Mehta,Female,48,D004,Finance Manager,2018-04-27,1215383,No
EMP0198,Amit Sen,Female,26,D001,Sales Lead,2019-11-13,685018,No
EMP0199,Komal Chatterjee,Female,55,D005,HR Executive,2021-03-28,610718,No
EMP0200,Priya Sharma,Female,51,D001,Senior Sales Executive,2019-11-14,694858,No
EMP0201,Sai Roy,Male,26,D002,Software Engineer,2025-09-07,921069,No
EMP0202,Neha Yadav,Male,40,D010,Analytics Lead,2021-08-10,1165943,No
EMP0203,Ishaan Yadav,Female,27,D004,Financial Analyst,2018-07-15,763484,No
EMP0204,Sanjay Roy,Male,23,D007,Operations Executive,2022-11-05,526210,No
EMP0205,Aditya Ghosh,Male,39,D002,DevOps Engineer,2024-01-29,1000060,No
EMP0206,Arjun Mehta,Male,28,D001,Senior Sales Executive,2019-07-14,725051,No
EMP0207,Riya Mehta,Male,56,D001,Sales Lead,2023-10-04,676327,No
EMP0208,Neha Rao,Female,37,D005,HR Manager,2022-10-22,898179,No
EMP0209,Sneha Verma,Female,57,D001,Senior Sales Executive,2020-08-19,750650,No
EMP0210,Shaurya Banerjee,Female,37,D003,Support Lead,2016-09-01,706981,No
EMP0211,Reyansh Banerjee,Male,46,D005,Recruiter,2023-06-21,536845,No
EMP0212,Sai Sen,Female,46,D008,Product Analyst,2018-08-21,918589,No
EMP0213,Aarav Sen,Male,52,D007,Operations Manager,2023-11-07,844047,No
EMP0214,Riya Kapoor,Male,35,D007,Process Analyst,2021-09-29,472739,No
EMP0215,Meena Patel,Female,38,D005,Recruiter,2022-02-27,604431,No
EMP0216,Myra Kumar,Female,42,D008,Product Analyst,2021-07-20,771984,No
EMP0217,Sara Chatterjee,Female,31,D002,Tech Lead,2023-12-29,1223242,No
EMP0218,Tanmay Chatterjee,Female,51,D002,Tech Lead,2024-04-21,1219012,No
EMP0219,Aarav Ghosh,Male,26,D010,Data Analyst,2017-01-07,865168,Yes
EMP0220,Aarav Roy,Female,25,D001,Sales Lead,2019-04-07,1036165,No
EMP0221,Sanjay Das,Female,56,D003,Support Executive,2022-12-23,430529,No
EMP0222,Pooja Banerjee,Female,39,D002,DevOps Engineer,2017-04-11,914044,Yes
EMP0223,Ritika Chatterjee,Male,24,D007,Process Analyst,2025-02-22,516241,No
EMP0224,Myra Sen,Female,58,D001,Sales Lead,2016-07-27,798450,No
EMP0225,Tanmay Saha,Female,39,D007,Operations Manager,2025-09-02,808397,No
EMP0226,Mohan Kapoor,Male,47,D003,Support Executive,2025-04-30,322972,No
EMP0227,Amit Yadav,Female,30,D009,Compliance Analyst,2017-04-30,840698,No
EMP0228,Nisha Mehta,Female,23,D001,Sales Lead,2019-01-30,958704,No
EMP0229,Reyansh Jain,Female,33,D005,Recruiter,2018-07-27,623583,No
EMP0230,Aarav Rao,Female,31,D001,Senior Sales Executive,2017-11-24,858076,Yes
EMP0231,Amit Ghosh,Male,33,D002,QA Analyst,2021-05-11,927661,No
EMP0232,Ritika Mehta,Female,22,D001,Account Manager,2022-12-02,928614,No
EMP0233,Shaurya Singh,Female,32,D005,HR Manager,2024-08-20,869929,No
EMP0234,Alok Jain,Female,38,D004,Accountant,2023-06-05,778979,No
EMP0235,Vishal Verma,Female,22,D004,Accountant,2021-10-03,677088,No
EMP0236,Aadhya Chatterjee,Male,41,D008,UX Researcher,2022-08-06,918128,No
EMP0237,Ravi Kapoor,Female,40,D002,Tech Lead,2017-12-13,1398392,No
EMP0238,Riya Singh,Male,57,D001,Senior Sales Executive,2025-11-21,830557,No
EMP0239,Shaurya Ghosh,Female,30,D008,UX Researcher,2019-02-02,839385,No
EMP0240,Tanmay Jain,Female,56,D004,Financial Analyst,2025-10-12,797282,No
EMP0241,Mohan Kapoor,Male,44,D010,Data Analyst,2024-04-29,859607,No
EMP0242,Ritika Saha,Male,38,D004,Accountant,2023-09-14,723870,No
EMP0243,Amit Kumar,Female,47,D005,Recruiter,2020-12-31,672464,No
EMP0244,Kavya Mishra,Male,31,D003,Support Executive,2022-04-15,369492,No
EMP0245,Krishna Sharma,Female,50,D003,Support Executive,2022-08-13,374310,Yes
EMP0246,Meena Mehta,Male,57,D010,BI Analyst,2024-05-25,776766,No
EMP0247,Aadhya Banerjee,Male,49,D003,Support Executive,2021-10-03,491388,No
EMP0248,Diya Yadav,Male,58,D002,DevOps Engineer,2025-01-19,1019584,No
EMP0249,Vishal Jain,Female,53,D002,Software Engineer,2020-04-10,977538,No
EMP0250,Ishaan Verma,Male,41,D008,UX Researcher,2019-04-21,914709,No
EMP0251,Neha Jain,Male,45,D002,Software Engineer,2018-06-01,847056,No
EMP0252,Ravi Banerjee,Male,57,D004,Finance Manager,2024-04-27,1102429,No
EMP0253,Amit Chatterjee,Male,53,D001,Account Manager,2024-08-29,812951,No
EMP0254,Riya Gupta,Male,27,D008,Product Manager,2019-11-08,1164814,No
EMP0255,Nisha Roy,Male,51,D002,DevOps Engineer,2019-11-07,1004646,No
EMP0256,Ayaan Mehta,Male,50,D007,Process Analyst,2020-01-25,467289,No
EMP0257,Krishna Mehta,Female,38,D009,Legal Associate,2022-04-14,596297,No
EMP0258,Kavya Gupta,Female,32,D003,Support Lead,2019-04-14,788742,No
EMP0259,Amit Patel,Female,40,D002,QA Analyst,2022-12-12,960139,No
EMP0260,Sara Kapoor,Male,30,D010,Senior Data Analyst,2023-05-24,1133160,No
EMP0261,Reyansh Kapoor,Female,46,D006,Marketing Manager,2021-02-14,895693,No
EMP0262,Meena Yadav,Female,22,D003,Customer Success Associate,2016-06-12,441346,Yes
EMP0263,Suresh Roy,Female,35,D005,HR Executive,2020-08-23,507039,No
EMP0264,Meena Sharma,Male,24,D008,UX Researcher,2025-01-28,924149,No
EMP0265,Ishaan Rao,Female,51,D010,BI Analyst,2026-03-09,802145,No
EMP0266,Priya Mehta,Female,27,D001,Account Manager,2022-01-08,710357,No
EMP0267,Vikram Sharma,Male,52,D007,Operations Executive,2025-04-26,526933,No
EMP0268,Ayaan Patel,Male,52,D010,Analytics Lead,2025-05-25,1090453,Yes
EMP0269,Ananya Banerjee,Male,31,D003,Customer Success Associate,2025-06-04,412896,Yes
EMP0270,Komal Kapoor,Female,35,D003,Support Lead,2025-03-21,599375,No
EMP0271,Alok Jain,Male,37,D010,Senior Data Analyst,2023-02-01,979225,No
EMP0272,Pooja Rao,Female,35,D008,UX Researcher,2020-05-21,919102,No
EMP0273,Sai Mishra,Female,46,D009,Legal Associate,2024-12-05,745163,No
EMP0274,Diya Chatterjee,Female,58,D010,BI Analyst,2021-06-22,785790,No
EMP0275,Pooja Mishra,Male,38,D001,Sales Executive,2023-10-10,413241,No
EMP0276,Reyansh Mishra,Female,27,D003,Support Lead,2019-01-04,662784,Yes
EMP0277,Sara Gupta,Female,26,D002,DevOps Engineer,2022-09-18,993153,No
EMP0278,Ishaan Sharma,Male,41,D004,Finance Manager,2018-09-21,893400,Yes
EMP0279,Anika Patel,Female,32,D003,Support Lead,2022-01-08,773097,No
EMP0280,Rahul Gupta,Male,38,D004,Finance Manager,2018-03-16,940468,No
EMP0281,Mohan Patel,Female,32,D008,Product Analyst,2023-05-02,962723,No
EMP0282,Shaurya Das,Male,24,D008,Product Analyst,2020-11-25,855414,No
EMP0283,Ravi Nair,Female,36,D008,UX Researcher,2022-08-01,825080,No
EMP0284,Pooja Singh,Male,36,D004,Accountant,2017-03-04,725207,No
EMP0285,Rahul Sen,Female,42,D004,Financial Analyst,2025-03-23,734989,No
EMP0286,Tanmay Mehta,Female,53,D006,SEO Analyst,2017-07-12,713393,No
EMP0287,Aarav Verma,Male,36,D001,Sales Lead,2020-02-13,958333,No
EMP0288,Reyansh Gupta,Male,48,D003,Support Executive,2020-09-03,333397,No
EMP0289,Ishaan Kapoor,Female,45,D009,Legal Manager,2021-01-19,1036758,No
EMP0290,Ravi Verma,Female,42,D001,Account Manager,2017-03-18,999711,No
EMP0291,Shaurya Patel,Male,30,D002,Software Engineer,2017-06-12,1011889,No
EMP0292,Reyansh Das,Male,50,D001,Account Manager,2022-09-26,922397,No
EMP0293,Sara Yadav,Male,35,D006,Marketing Manager,2016-10-26,900740,Yes
EMP0294,Ayaan Banerjee,Female,50,D010,Data Analyst,2019-12-16,886104,No
EMP0295,Ishaan Sen,Male,22,D008,Product Analyst,2025-07-02,964723,No
EMP0296,Vikram Kumar,Female,26,D010,Data Analyst,2025-12-12,706900,No
EMP0297,Sanjay Kapoor,Male,24,D010,Senior Data Analyst,2021-01-08,940585,No
EMP0298,Aditya Jain,Male,39,D002,QA Analyst,2023-01-20,926919,No
EMP0299,Vishal Kumar,Female,53,D006,Marketing Manager,2021-07-28,957135,Yes
EMP0300,Nisha Yadav,Male,46,D006,Marketing Manager,2017-06-04,1004024,No
EMP0301,Vivaan Nair,Female,33,D004,Financial Analyst,2025-11-25,673591,No
EMP0302,Arjun Mehta,Male,28,D005,HR Executive,2023-05-31,460168,No
EMP0303,Deepak Saha,Female,33,D008,Product Manager,2024-03-20,1219345,No
EMP0304,Arjun Mehta,Female,56,D005,HR Executive,2022-09-23,557059,Yes
EMP0305,Ravi Gupta,Female,34,D005,HR Executive,2017-02-23,520776,No
EMP0306,Priya Verma,Female,26,D007,Operations Manager,2022-01-01,951026,No
EMP0307,Diya Kapoor,Female,42,D010,Analytics Lead,2024-03-28,1115599,No
EMP0308,Jaya Mehta,Female,58,D002,Software Engineer,2025-10-30,857731,No
EMP0309,Ananya Singh,Female,26,D010,BI Analyst,2023-07-11,780914,No
EMP0310,Deepak Nair,Male,38,D009,Compliance Analyst,2023-11-04,725415,No
EMP0311,Neha Chatterjee,Male,46,D001,Sales Executive,2021-04-12,461999,No
EMP0312,Riya Sharma,Male,32,D001,Sales Lead,2021-02-17,858148,No
EMP0313,Sai Roy,Male,43,D002,Software Engineer,2024-04-14,908424,No
EMP0314,Sanjay Das,Male,49,D006,SEO Analyst,2018-11-11,553253,No
EMP0315,Ayaan Gupta,Male,48,D001,Senior Sales Executive,2018-05-17,749582,No
EMP0316,Alok Chatterjee,Male,49,D002,DevOps Engineer,2025-03-18,887214,No
EMP0317,Pooja Chatterjee,Male,40,D001,Senior Sales Executive,2025-04-10,803269,No
EMP0318,Aditya Nair,Male,45,D006,SEO Analyst,2021-11-30,606836,No
EMP0319,Ayaan Singh,Female,58,D004,Accountant,2025-07-02,629617,No
EMP0320,Tanmay Chatterjee,Male,46,D010,BI Analyst,2017-01-05,826991,No
EMP0321,Mohan Mishra,Female,27,D009,Compliance Analyst,2021-10-06,847250,Yes
EMP0322,Reyansh Ghosh,Male,32,D010,Analytics Lead,2023-10-26,1004121,Yes
EMP0323,Pooja Roy,Female,42,D006,Marketing Manager,2018-01-14,747946,No
EMP0324,Komal Saha,Female,29,D010,Data Analyst,2021-07-18,729227,No
EMP0325,Tanmay Yadav,Male,58,D010,Data Analyst,2017-06-13,716474,No
EMP0326,Alok Kapoor,Female,24,D004,Finance Manager,2024-04-05,1020033,No
EMP0327,Vivaan Verma,Male,25,D003,Customer Success Associate,2017-10-30,339264,No
EMP0328,Vikram Verma,Male,36,D008,UX Researcher,2024-09-07,838769,No
EMP0329,Sneha Yadav,Male,34,D007,Operations Manager,2021-03-28,807566,No
EMP0330,Aadhya Gupta,Male,55,D001,Sales Lead,2019-10-25,670721,No
EMP0331,Krishna Sharma,Female,34,D001,Sales Executive,2023-02-13,497552,No
EMP0332,Reyansh Rao,Female,44,D002,Tech Lead,2024-05-11,1321947,No
EMP0333,Neha Mishra,Male,36,D003,Support Executive,2018-12-07,462901,No
EMP0334,Priya Nair,Male,22,D004,Accountant,2023-09-07,656162,No
EMP0335,Sneha Jain,Female,38,D009,Compliance Analyst,2023-09-30,782342,No
EMP0336,Anika Verma,Female,41,D010,Senior Data Analyst,2018-07-08,1052961,Yes
EMP0337,Alok Kapoor,Female,34,D006,Marketing Manager,2024-07-05,830870,No
EMP0338,Komal Saha,Female,38,D001,Sales Lead,2021-07-01,923909,No
EMP0339,Ritika Das,Female,44,D002,QA Analyst,2020-07-03,888694,No
EMP0340,Priya Ghosh,Female,27,D002,QA Analyst,2023-09-13,903135,No
EMP0341,Komal Saha,Female,40,D009,Compliance Analyst,2020-12-28,690875,No
EMP0342,Shaurya Kumar,Female,55,D002,Software Engineer,2022-11-05,918293,Yes
EMP0343,Suresh Das,Male,42,D010,Analytics Lead,2016-07-09,1168752,Yes
EMP0344,Jaya Ghosh,Male,53,D007,Operations Executive,2017-05-21,534366,Yes
EMP0345,Rahul Sharma,Female,22,D004,Financial Analyst,2025-10-08,729927,No
EMP0346,Vishal Mishra,Male,36,D006,Marketing Manager,2018-06-01,952351,No
EMP0347,Sneha Verma,Male,41,D003,Support Executive,2022-12-06,460917,No
EMP0348,Myra Kumar,Female,34,D003,Customer Success Associate,2024-05-05,346312,Yes
EMP0349,Ira Roy,Male,45,D005,HR Executive,2018-03-21,605018,Yes
EMP0350,Ira Chatterjee,Male,29,D006,Digital Marketing Executive,2021-07-08,550563,No
EMP0351,Anika Jain,Female,48,D002,Software Engineer,2018-10-09,836471,No
EMP0352,Aadhya Nair,Male,40,D009,Legal Manager,2024-11-30,1026191,No
EMP0353,Kavya Chatterjee,Female,48,D005,HR Executive,2022-11-18,439819,No
EMP0354,Ayaan Nair,Female,31,D001,Sales Executive,2025-03-08,483053,Yes
EMP0355,Riya Yadav,Female,51,D010,Senior Data Analyst,2025-08-18,968125,No
EMP0356,Vikram Jain,Male,30,D001,Sales Executive,2018-10-02,402284,No
EMP0357,Meena Nair,Female,43,D009,Legal Associate,2024-02-21,727601,No
EMP0358,Ananya Patel,Male,29,D008,UX Researcher,2024-09-15,942496,No
EMP0359,Vivaan Kumar,Female,33,D010,Analytics Lead,2019-05-04,1273351,No
EMP0360,Sneha Saha,Male,38,D003,Support Executive,2018-11-06,282647,No
EMP0361,Sara Chatterjee,Female,55,D005,HR Manager,2020-04-29,813402,No
EMP0362,Ananya Singh,Male,32,D001,Sales Executive,2020-07-10,467392,No
EMP0363,Pooja Mehta,Male,54,D002,DevOps Engineer,2023-09-11,954309,No
EMP0364,Vivaan Patel,Female,42,D004,Financial Analyst,2024-11-10,720383,No
EMP0365,Meena Verma,Male,27,D003,Support Lead,2017-04-24,802954,No
EMP0366,Myra Sharma,Female,45,D008,Product Manager,2018-03-01,1207147,No
EMP0367,Ananya Chatterjee,Female,57,D003,Support Lead,2020-05-03,890076,Yes
EMP0368,Aadhya Verma,Male,29,D002,QA Analyst,2016-08-20,912995,No
EMP0369,Ishaan Chatterjee,Male,50,D007,Operations Executive,2021-01-23,491333,No
EMP0370,Alok Jain,Male,33,D008,Product Manager,2017-12-31,1034455,No
EMP0371,Vikram Kumar,Female,37,D003,Customer Success Associate,2023-02-15,363804,No
EMP0372,Jaya Rao,Female,57,D007,Process Analyst,2019-02-05,466975,No
EMP0373,Deepak Roy,Male,33,D003,Support Lead,2020-07-17,865234,Yes
EMP0374,Vishal Kumar,Female,49,D006,Marketing Manager,2017-02-16,833725,No
EMP0375,Arjun Rao,Female,32,D006,Digital Marketing Executive,2022-12-24,500897,No
EMP0376,Riya Gupta,Male,57,D008,Product Analyst,2021-10-31,822284,No
EMP0377,Vikram Mehta,Male,22,D010,Senior Data Analyst,2017-11-07,1055013,No
EMP0378,Sai Das,Male,34,D005,HR Manager,2022-11-23,931819,No
EMP0379,Ananya Saha,Female,24,D007,Operations Executive,2021-05-21,507617,No
EMP0380,Jaya Rao,Male,31,D007,Operations Executive,2022-07-29,354214,No
EMP0381,Myra Das,Female,26,D008,UX Researcher,2017-05-26,945514,No
EMP0382,Suresh Yadav,Female,27,D003,Support Lead,2022-04-10,681900,No
EMP0383,Jaya Jain,Male,29,D002,Tech Lead,2018-09-10,1288235,No
EMP0384,Sneha Yadav,Female,38,D003,Support Executive,2020-02-19,326695,Yes
EMP0385,Ayaan Das,Female,34,D004,Accountant,2022-08-07,724714,No
EMP0386,Shaurya Sharma,Female,28,D001,Senior Sales Executive,2023-11-20,784721,No
EMP0387,Sai Saha,Male,26,D007,Operations Executive,2025-08-01,576534,No
EMP0388,Tanmay Sharma,Female,49,D003,Support Lead,2022-08-24,620960,No
EMP0389,Priya Jain,Male,26,D007,Operations Executive,2022-03-07,374869,No
EMP0390,Pooja Roy,Female,32,D008,Product Analyst,2020-03-17,817636,No
EMP0391,Shaurya Patel,Female,45,D010,BI Analyst,2026-01-25,835103,No
EMP0392,Shaurya Das,Male,44,D010,Senior Data Analyst,2023-10-26,1255676,No
EMP0393,Arjun Roy,Male,29,D002,DevOps Engineer,2024-02-28,985892,No
EMP0394,Suresh Yadav,Male,34,D006,SEO Analyst,2018-01-20,662199,No
EMP0395,Vikram Verma,Male,40,D006,Digital Marketing Executive,2019-03-31,526150,No
EMP0396,Myra Ghosh,Female,49,D002,DevOps Engineer,2024-04-20,811266,No
EMP0397,Priya Chatterjee,Female,52,D008,Product Analyst,2021-01-01,876747,No
EMP0398,Sai Singh,Male,56,D001,Account Manager,2023-12-28,940304,No
EMP0399,Aditya Roy,Male,47,D008,UX Researcher,2017-07-26,914674,No
EMP0400,Riya Kumar,Female,47,D004,Accountant,2023-09-09,792413,No
EMP0401,Vikram Das,Male,37,D001,Account Manager,2016-09-06,895446,No
EMP0402,Sai Nair,Female,44,D009,Legal Associate,2025-09-27,815275,No
EMP0403,Ravi Patel,Female,46,D006,Marketing Manager,2020-12-04,940537,Yes
EMP0404,Sai Mishra,Male,46,D007,Operations Manager,2018-11-11,884212,No
EMP0405,Karan Jain,Female,44,D003,Support Executive,2017-01-10,333582,No
EMP0406,Krishna Mehta,Male,31,D001,Account Manager,2024-02-05,787454,No
EMP0407,Komal Das,Male,52,D008,UX Researcher,2018-08-15,885518,No
EMP0408,Diya Mishra,Male,54,D001,Senior Sales Executive,2025-10-02,696940,No
EMP0409,Karan Chatterjee,Male,40,D006,Marketing Manager,2025-03-25,921312,No
EMP0410,Myra Kapoor,Female,32,D001,Senior Sales Executive,2018-01-26,886317,No
EMP0411,Tanmay Mishra,Male,28,D001,Sales Lead,2024-03-15,1020644,No
EMP0412,Sanjay Mehta,Female,55,D001,Sales Executive,2021-06-22,387114,No
EMP0413,Karan Mehta,Female,58,D004,Financial Analyst,2025-02-04,701539,No
EMP0414,Aarav Saha,Female,34,D009,Compliance Analyst,2026-02-17,845899,No
EMP0415,Ayaan Kumar,Female,35,D001,Sales Executive,2018-06-24,430102,No
EMP0416,Ritika Roy,Female,39,D008,Product Manager,2018-07-24,1346291,No
EMP0417,Ishaan Patel,Female,41,D002,Tech Lead,2019-09-18,1373491,No
EMP0418,Ritika Jain,Male,54,D010,Data Analyst,2021-09-13,896066,No
EMP0419,Karan Jain,Male,46,D006,Digital Marketing Executive,2019-01-23,503532,No
EMP0420,Arjun Das,Male,46,D003,Support Lead,2021-09-12,846735,No
EMP0421,Alok Mishra,Male,55,D004,Accountant,2022-12-26,641051,Yes
EMP0422,Pooja Kapoor,Male,32,D003,Support Lead,2025-03-21,859056,No
EMP0423,Ritika Saha,Male,27,D002,Software Engineer,2020-01-11,884578,No
EMP0424,Neha Mishra,Female,47,D002,QA Analyst,2019-09-30,811219,No
EMP0425,Mohan Nair,Female,43,D005,HR Manager,2024-11-17,986662,No
EMP0426,Vivaan Chatterjee,Female,51,D004,Accountant,2018-07-20,710775,No
EMP0427,Sneha Roy,Male,36,D002,Tech Lead,2017-03-21,1263647,No
EMP0428,Kavya Saha,Female,26,D002,Tech Lead,2019-12-22,1208503,No
EMP0429,Ira Sen,Female,34,D002,QA Analyst,2023-07-24,1002788,No
EMP0430,Aarav Roy,Male,29,D006,Digital Marketing Executive,2025-04-24,609622,No
EMP0431,Amit Nair,Female,53,D008,Product Manager,2019-10-01,1212700,No
EMP0432,Diya Banerjee,Female,56,D001,Sales Lead,2025-10-29,964480,No
EMP0433,Komal Patel,Female,22,D007,Process Analyst,2026-01-22,586712,No
EMP0434,Diya Chatterjee,Male,39,D002,DevOps Engineer,2020-11-27,970716,No
EMP0435,Ishaan Saha,Female,47,D007,Process Analyst,2023-01-21,528155,No
EMP0436,Shaurya Chatterjee,Female,46,D002,QA Analyst,2023-12-29,848232,No
EMP0437,Ira Roy,Female,30,D001,Sales Lead,2016-08-31,981402,No
EMP0438,Suresh Nair,Male,38,D007,Operations Executive,2020-11-06,490132,Yes
EMP0439,Alok Sen,Female,23,D005,Recruiter,2021-07-29,501781,No
EMP0440,Vikram Singh,Female,42,D002,DevOps Engineer,2018-08-23,943809,No
EMP0441,Jaya Saha,Male,32,D006,SEO Analyst,2019-01-04,598444,No
EMP0442,Alok Kapoor,Female,42,D002,QA Analyst,2018-11-14,886377,No
EMP0443,Ishaan Mehta,Female,48,D009,Compliance Analyst,2024-04-25,708204,No
EMP0444,Karan Roy,Male,47,D007,Operations Executive,2025-01-14,390460,No
EMP0445,Vishal Rao,Male,28,D001,Sales Lead,2023-04-01,713509,No
EMP0446,Ravi Chatterjee,Male,23,D006,Digital Marketing Executive,2025-10-19,530057,No
EMP0447,Alok Banerjee,Female,30,D005,Recruiter,2018-05-15,611371,No
EMP0448,Rahul Ghosh,Female,44,D004,Finance Manager,2020-10-16,912556,No
EMP0449,Deepak Rao,Male,55,D002,Software Engineer,2017-01-18,1008782,No
EMP0450,Myra Sharma,Female,22,D010,Analytics Lead,2017-08-08,1304853,No
EMP0451,Vishal Kapoor,Female,47,D003,Customer Success Associate,2023-05-23,476716,No
EMP0452,Sai Das,Female,56,D002,DevOps Engineer,2017-02-14,880470,No
EMP0453,Shaurya Gupta,Female,39,D002,Tech Lead,2018-05-03,1297174,No
EMP0454,Nisha Sen,Female,22,D002,QA Analyst,2023-08-01,833644,No
EMP0455,Reyansh Kumar,Female,51,D004,Financial Analyst,2018-05-18,797467,Yes
EMP0456,Vishal Banerjee,Female,22,D002,DevOps Engineer,2024-10-28,1011364,No
EMP0457,Kavya Chatterjee,Male,51,D007,Operations Executive,2017-12-12,354104,No
EMP0458,Rahul Gupta,Male,38,D002,Software Engineer,2020-10-17,977384,No
EMP0459,Komal Patel,Female,42,D010,BI Analyst,2026-01-09,733872,No
EMP0460,Reyansh Jain,Female,31,D005,HR Manager,2022-01-10,762114,No
EMP0461,Ayaan Kumar,Male,44,D010,Data Analyst,2018-12-18,730348,No
EMP0462,Ira Gupta,Female,34,D008,Product Manager,2025-12-14,1231950,No
EMP0463,Tanmay Yadav,Female,56,D007,Operations Manager,2018-05-17,896697,No
EMP0464,Ira Roy,Male,26,D008,UX Researcher,2020-03-27,800638,No
EMP0465,Ravi Singh,Female,33,D004,Finance Manager,2025-12-25,1164308,No
EMP0466,Ayaan Mishra,Male,40,D002,Tech Lead,2022-07-29,1372864,No
EMP0467,Mohan Kapoor,Male,24,D001,Senior Sales Executive,2023-12-05,654549,Yes
EMP0468,Arjun Yadav,Male,22,D001,Senior Sales Executive,2023-11-08,800287,No
EMP0469,Aditya Singh,Female,25,D007,Process Analyst,2016-12-15,571725,No
EMP0470,Sneha Mehta,Male,36,D010,Data Analyst,2020-03-25,791012,No
EMP0471,Meena Ghosh,Female,28,D006,Digital Marketing Executive,2017-08-07,589290,No
EMP0472,Ritika Verma,Female,32,D005,HR Manager,2020-03-16,974624,No
EMP0473,Vishal Roy,Female,42,D003,Support Lead,2019-05-15,783832,No
EMP0474,Ishaan Rao,Male,24,D004,Financial Analyst,2023-01-01,746175,Yes
EMP0475,Mohan Kumar,Male,39,D002,DevOps Engineer,2019-12-26,944026,No
EMP0476,Mohan Sen,Male,36,D001,Account Manager,2023-04-27,791536,No
EMP0477,Aditya Saha,Female,33,D001,Account Manager,2020-09-19,816034,No
EMP0478,Alok Sharma,Female,29,D003,Customer Success Associate,2017-07-21,481141,No
EMP0479,Myra Kumar,Male,42,D003,Customer Success Associate,2020-02-20,302189,No
EMP0480,Ishaan Verma,Male,36,D007,Operations Manager,2021-05-07,948070,No
EMP0481,Sanjay Kumar,Male,57,D004,Finance Manager,2021-09-18,929957,No
EMP0482,Sanjay Verma,Male,57,D004,Finance Manager,2019-04-14,962624,Yes
EMP0483,Vivaan Rao,Female,45,D001,Sales Lead,2022-04-15,793950,No
EMP0484,Shaurya Singh,Male,50,D010,Analytics Lead,2025-09-09,1044761,No
EMP0485,Priya Banerjee,Male,40,D007,Operations Executive,2026-01-14,539378,No
EMP0486,Vivaan Kapoor,Female,57,D005,HR Executive,2020-10-10,590514,No
EMP0487,Jaya Nair,Female,32,D010,Data Analyst,2025-07-08,764452,No
EMP0488,Vishal Mishra,Female,28,D001,Account Manager,2025-12-23,933590,No
EMP0489,Meena Roy,Female,56,D001,Account Manager,2025-03-16,759869,No
EMP0490,Deepak Yadav,Female,53,D010,Senior Data Analyst,2021-10-12,957131,No
EMP0491,Vivaan Roy,Female,25,D003,Support Lead,2019-03-05,746592,No
EMP0492,Jaya Mehta,Male,27,D009,Legal Manager,2018-01-03,1176889,No
EMP0493,Ishaan Sen,Female,41,D002,QA Analyst,2019-05-28,896320,No
EMP0494,Shaurya Saha,Female,55,D008,Product Analyst,2024-09-04,872738,No
EMP0495,Ravi Ghosh,Male,33,D003,Support Lead,2022-08-19,776894,Yes
EMP0496,Vivaan Jain,Female,31,D009,Legal Manager,2017-06-15,966520,No
EMP0497,Karan Kumar,Male,36,D002,QA Analyst,2018-06-26,816837,No
EMP0498,Aditya Ghosh,Female,53,D006,Digital Marketing Executive,2020-11-17,513923,No
EMP0499,Diya Banerjee,Female,36,D010,Senior Data Analyst,2017-11-13,1174989,No
EMP0500,Vishal Verma,Female,47,D009,Legal Associate,2017-06-27,786624,No
