PerformanceID,EmployeeID,ReviewYear,PerformanceRating,PromotionStatus,TrainingHours
PERF0001,EMP0001,2025,3.4,Not Promoted,9
PERF0002,EMP0002,2025,3.5,Not Promoted,52
PERF0003,EMP0003,2025,3.9,Not Promoted,58
PERF0004,EMP0004,2025,3.8,Not Promoted,60
PERF0005,EMP0005,2025,4.1,Not Promoted,33
PERF0006,EMP0006,2025,3.1,Not Promoted,44
PERF0007,EMP0007,2025,3.0,Not Promoted,53
PERF0008,EMP0008,2025,2.3,Not Promoted,17
PERF0009,EMP0009,2025,3.5,Not Promoted,41
PERF0010,EMP0010,2025,4.6,Not Promoted,44
PERF0011,EMP0011,2025,3.4,Not Promoted,60
PERF0012,EMP0012,2025,3.3,Not Promoted,36
PERF0013,EMP0013,2025,2.3,Not Promoted,37
PERF0014,EMP0014,2025,3.3,Not Promoted,9
PERF0015,EMP0015,2025,3.5,Not Promoted,31
PERF0016,EMP0016,2025,5,Not Promoted,11
PERF0017,EMP0017,2025,4.6,Not Promoted,18
PERF0018,EMP0018,2025,4.1,Not Promoted,12
PERF0019,EMP0019,2025,3.1,Not Promoted,59
PERF0020,EMP0020,2025,4.2,Not Promoted,16
PERF0021,EMP0021,2025,4.1,Not Promoted,10
PERF0022,EMP0022,2025,2.2,Not Promoted,14
PERF0023,EMP0023,2025,4.0,Not Promoted,7
PERF0024,EMP0024,2025,4.1,Not Promoted,7
PERF0025,EMP0025,2025,4.8,Not Promoted,19
PERF0026,EMP0026,2025,4.7,Not Promoted,46
PERF0027,EMP0027,2025,2.9,Not Promoted,10
PERF0028,EMP0028,2025,2.9,Not Promoted,57
PERF0029,EMP0029,2025,3.9,Not Promoted,39
PERF0030,EMP0030,2025,3.8,Not Promoted,35
PERF0031,EMP0031,2025,3.2,Not Promoted,51
PERF0032,EMP0032,2025,3.2,Not Promoted,39
PERF0033,EMP0033,2025,3.9,Not Promoted,30
PERF0034,EMP0034,2025,2.1,Not Promoted,51
PERF0035,EMP0035,2025,4.1,Not Promoted,26
PERF0036,EMP0036,2025,5,Not Promoted,26
PERF0037,EMP0037,2025,4.2,Not Promoted,50
PERF0038,EMP0038,2025,4.1,Not Promoted,37
PERF0039,EMP0039,2025,3.4,Not Promoted,23
PERF0040,EMP0040,2025,3.3,Not Promoted,47
PERF0041,EMP0041,2025,3.8,Not Promoted,24
PERF0042,EMP0042,2025,2.6,Not Promoted,22
PERF0043,EMP0043,2025,4.2,Not Promoted,34
PERF0044,EMP0044,2025,3.7,Not Promoted,29
PERF0045,EMP0045,2025,4.1,Not Promoted,58
PERF0046,EMP0046,2025,3.8,Not Promoted,57
PERF0047,EMP0047,2025,3.0,Not Promoted,32
PERF0048,EMP0048,2025,3.7,Not Promoted,28
PERF0049,EMP0049,2025,2.6,Not Promoted,48
PERF0050,EMP0050,2025,4.4,Not Promoted,51
PERF0051,EMP0051,2025,2.9,Not Promoted,50
PERF0052,EMP0052,2025,2.4,Not Promoted,45
PERF0053,EMP0053,2025,2.8,Not Promoted,21
PERF0054,EMP0054,2025,4.9,Not Promoted,18
PERF0055,EMP0055,2025,3.2,Not Promoted,17
PERF0056,EMP0056,2025,3.7,Not Promoted,23
PERF0057,EMP0057,2025,2.4,Not Promoted,19
PERF0058,EMP0058,2025,2.8,Not Promoted,36
PERF0059,EMP0059,2025,2.5,Not Promoted,45
PERF0060,EMP0060,2025,4.1,Not Promoted,60
PERF0061,EMP0061,2025,3.9,Not Promoted,25
PERF0062,EMP0062,2025,4.9,Not Promoted,39
PERF0063,EMP0063,2025,3.3,Not Promoted,34
PERF0064,EMP0064,2025,4.5,Not Promoted,20
PERF0065,EMP0065,2025,3.8,Not Promoted,50
PERF0066,EMP0066,2025,4.4,Not Promoted,4
PERF0067,EMP0067,2025,3.7,Not Promoted,22
PERF0068,EMP0068,2025,3.7,Not Promoted,56
PERF0069,EMP0069,2025,4.1,Not Promoted,39
PERF0070,EMP0070,2025,3.9,Not Promoted,23
PERF0071,EMP0071,2025,3.7,Not Promoted,4
PERF0072,EMP0072,2025,3.9,Not Promoted,47
PERF0073,EMP0073,2025,3.7,Not Promoted,14
PERF0074,EMP0074,2025,3.3,Not Promoted,36
PERF0075,EMP0075,2025,5,Not Promoted,57
PERF0076,EMP0076,2025,4.6,Not Promoted,21
PERF0077,EMP0077,2025,3.0,Not Promoted,22
PERF0078,EMP0078,2025,4.6,Promoted,59
PERF0079,EMP0079,2025,3.9,Not Promoted,22
PERF0080,EMP0080,2025,4.5,Promoted,39
PERF0081,EMP0081,2025,3.4,Not Promoted,34
PERF0082,EMP0082,2025,2.9,Not Promoted,51
PERF0083,EMP0083,2025,3.4,Not Promoted,41
PERF0084,EMP0084,2025,2.2,Not Promoted,33
PERF0085,EMP0085,2025,3.2,Not Promoted,55
PERF0086,EMP0086,2025,4.4,Not Promoted,59
PERF0087,EMP0087,2025,1.7,Not Promoted,25
PERF0088,EMP0088,2025,4.0,Not Promoted,44
PERF0089,EMP0089,2025,3.6,Not Promoted,10
PERF0090,EMP0090,2025,2.8,Not Promoted,26
PERF0091,EMP0091,2025,2.6,Not Promoted,18
PERF0092,EMP0092,2025,3.6,Not Promoted,47
PERF0093,EMP0093,2025,3.9,Not Promoted,28
PERF0094,EMP0094,2025,3.2,Not Promoted,57
PERF0095,EMP0095,2025,3.6,Not Promoted,22
PERF0096,EMP0096,2025,2.2,Not Promoted,44
PERF0097,EMP0097,2025,3.2,Not Promoted,16
PERF0098,EMP0098,2025,4.3,Not Promoted,33
PERF0099,EMP0099,2025,3.6,Not Promoted,27
PERF0100,EMP0100,2025,4.0,Not Promoted,43
PERF0101,EMP0101,2025,3.8,Not Promoted,6
PERF0102,EMP0102,2025,3.8,Not Promoted,46
PERF0103,EMP0103,2025,3.4,Not Promoted,32
PERF0104,EMP0104,2025,3.1,Not Promoted,58
PERF0105,EMP0105,2025,4.0,Not Promoted,39
PERF0106,EMP0106,2025,5,Not Promoted,21
PERF0107,EMP0107,2025,4.9,Not Promoted,19
PERF0108,EMP0108,2025,3.7,Not Promoted,34
PERF0109,EMP0109,2025,3.3,Not Promoted,5
PERF0110,EMP0110,2025,4.6,Not Promoted,9
PERF0111,EMP0111,2025,4.5,Promoted,33
PERF0112,EMP0112,2025,3.6,Not Promoted,25
PERF0113,EMP0113,2025,3.3,Not Promoted,9
PERF0114,EMP0114,2025,2.8,Not Promoted,7
PERF0115,EMP0115,2025,4.6,Promoted,26
PERF0116,EMP0116,2025,3.4,Not Promoted,11
PERF0117,EMP0117,2025,4.1,Not Promoted,23
PERF0118,EMP0118,2025,4.7,Promoted,51
PERF0119,EMP0119,2025,3.8,Not Promoted,14
PERF0120,EMP0120,2025,3.7,Not Promoted,21
PERF0121,EMP0121,2025,3.0,Not Promoted,18
PERF0122,EMP0122,2025,3.5,Not Promoted,24
PERF0123,EMP0123,2025,4.3,Not Promoted,8
PERF0124,EMP0124,2025,2.4,Not Promoted,40
PERF0125,EMP0125,2025,2.5,Not Promoted,27
PERF0126,EMP0126,2025,3.9,Not Promoted,18
PERF0127,EMP0127,2025,4.1,Not Promoted,15
PERF0128,EMP0128,2025,3.9,Not Promoted,47
PERF0129,EMP0129,2025,3.0,Not Promoted,8
PERF0130,EMP0130,2025,3.2,Not Promoted,42
PERF0131,EMP0131,2025,4.4,Not Promoted,55
PERF0132,EMP0132,2025,3.4,Not Promoted,37
PERF0133,EMP0133,2025,3.9,Not Promoted,8
PERF0134,EMP0134,2025,2.5,Not Promoted,23
PERF0135,EMP0135,2025,2.9,Not Promoted,51
PERF0136,EMP0136,2025,2.4,Not Promoted,25
PERF0137,EMP0137,2025,3.8,Not Promoted,60
PERF0138,EMP0138,2025,2.2,Not Promoted,50
PERF0139,EMP0139,2025,3.0,Not Promoted,55
PERF0140,EMP0140,2025,3.5,Not Promoted,37
PERF0141,EMP0141,2025,4.7,Not Promoted,37
PERF0142,EMP0142,2025,3.1,Not Promoted,56
PERF0143,EMP0143,2025,4.3,Not Promoted,5
PERF0144,EMP0144,2025,3.6,Not Promoted,52
PERF0145,EMP0145,2025,4.6,Promoted,31
PERF0146,EMP0146,2025,3.2,Not Promoted,8
PERF0147,EMP0147,2025,3.2,Not Promoted,30
PERF0148,EMP0148,2025,3.2,Not Promoted,28
PERF0149,EMP0149,2025,3.7,Not Promoted,10
PERF0150,EMP0150,2025,4.7,Promoted,48
PERF0151,EMP0151,2025,3.3,Not Promoted,29
PERF0152,EMP0152,2025,4.2,Not Promoted,21
PERF0153,EMP0153,2025,3.3,Not Promoted,55
PERF0154,EMP0154,2025,2.9,Not Promoted,9
PERF0155,EMP0155,2025,2.5,Not Promoted,26
PERF0156,EMP0156,2025,4.0,Not Promoted,13
PERF0157,EMP0157,2025,2.9,Not Promoted,42
PERF0158,EMP0158,2025,4.3,Not Promoted,24
PERF0159,EMP0159,2025,3.6,Not Promoted,32
PERF0160,EMP0160,2025,4.2,Not Promoted,49
PERF0161,EMP0161,2025,4.3,Not Promoted,48
PERF0162,EMP0162,2025,2.6,Not Promoted,27
PERF0163,EMP0163,2025,2.6,Not Promoted,34
PERF0164,EMP0164,2025,4.3,Not Promoted,26
PERF0165,EMP0165,2025,4.5,Not Promoted,18
PERF0166,EMP0166,2025,5,Promoted,44
PERF0167,EMP0167,2025,4.6,Not Promoted,40
PERF0168,EMP0168,2025,3.9,Not Promoted,55
PERF0169,EMP0169,2025,3.9,Not Promoted,24
PERF0170,EMP0170,2025,4.6,Not Promoted,24
PERF0171,EMP0171,2025,4.1,Not Promoted,59
PERF0172,EMP0172,2025,3.0,Not Promoted,35
PERF0173,EMP0173,2025,3.4,Not Promoted,22
PERF0174,EMP0174,2025,3.5,Not Promoted,52
PERF0175,EMP0175,2025,3.0,Not Promoted,39
PERF0176,EMP0176,2025,4.1,Not Promoted,27
PERF0177,EMP0177,2025,3.2,Not Promoted,36
PERF0178,EMP0178,2025,3.5,Not Promoted,35
PERF0179,EMP0179,2025,3.0,Not Promoted,59
PERF0180,EMP0180,2025,5,Promoted,41
PERF0181,EMP0181,2025,4.2,Not Promoted,13
PERF0182,EMP0182,2025,3.7,Not Promoted,37
PERF0183,EMP0183,2025,3.2,Not Promoted,53
PERF0184,EMP0184,2025,4.2,Not Promoted,53
PERF0185,EMP0185,2025,4.4,Not Promoted,28
PERF0186,EMP0186,2025,4.4,Not Promoted,32
PERF0187,EMP0187,2025,2.9,Not Promoted,19
PERF0188,EMP0188,2025,2.9,Not Promoted,39
PERF0189,EMP0189,2025,3.5,Not Promoted,53
PERF0190,EMP0190,2025,3.9,Not Promoted,60
PERF0191,EMP0191,2025,4.1,Not Promoted,16
PERF0192,EMP0192,2025,2.9,Not Promoted,40
PERF0193,EMP0193,2025,3.8,Not Promoted,24
PERF0194,EMP0194,2025,4.0,Not Promoted,41
PERF0195,EMP0195,2025,4.2,Not Promoted,60
PERF0196,EMP0196,2025,4.6,Not Promoted,13
PERF0197,EMP0197,2025,3.2,Not Promoted,54
PERF0198,EMP0198,2025,2.7,Not Promoted,40
PERF0199,EMP0199,2025,4.4,Not Promoted,55
PERF0200,EMP0200,2025,4.1,Not Promoted,29
PERF0201,EMP0201,2025,5,Not Promoted,8
PERF0202,EMP0202,2025,3.5,Not Promoted,28
PERF0203,EMP0203,2025,5,Promoted,29
PERF0204,EMP0204,2025,5,Not Promoted,28
PERF0205,EMP0205,2025,2.3,Not Promoted,60
PERF0206,EMP0206,2025,2.4,Not Promoted,51
PERF0207,EMP0207,2025,4.1,Not Promoted,24
PERF0208,EMP0208,2025,2.5,Not Promoted,21
PERF0209,EMP0209,2025,3.3,Not Promoted,23
PERF0210,EMP0210,2025,2.9,Not Promoted,7
PERF0211,EMP0211,2025,3.8,Not Promoted,50
PERF0212,EMP0212,2025,3.3,Not Promoted,55
PERF0213,EMP0213,2025,5,Not Promoted,11
PERF0214,EMP0214,2025,2.9,Not Promoted,33
PERF0215,EMP0215,2025,4.0,Not Promoted,52
PERF0216,EMP0216,2025,2.5,Not Promoted,5
PERF0217,EMP0217,2025,1.9,Not Promoted,25
PERF0218,EMP0218,2025,3.0,Not Promoted,15
PERF0219,EMP0219,2025,4.3,Not Promoted,8
PERF0220,EMP0220,2025,4.4,Not Promoted,39
PERF0221,EMP0221,2025,3.9,Not Promoted,13
PERF0222,EMP0222,2025,3.8,Not Promoted,40
PERF0223,EMP0223,2025,3.7,Not Promoted,14
PERF0224,EMP0224,2025,3.6,Not Promoted,59
PERF0225,EMP0225,2025,3.3,Not Promoted,58
PERF0226,EMP0226,2025,3.2,Not Promoted,47
PERF0227,EMP0227,2025,4.4,Not Promoted,57
PERF0228,EMP0228,2025,3.9,Not Promoted,26
PERF0229,EMP0229,2025,3.4,Not Promoted,8
PERF0230,EMP0230,2025,4.1,Not Promoted,32
PERF0231,EMP0231,2025,3.9,Not Promoted,39
PERF0232,EMP0232,2025,3.8,Not Promoted,40
PERF0233,EMP0233,2025,3.9,Not Promoted,23
PERF0234,EMP0234,2025,4.1,Not Promoted,16
PERF0235,EMP0235,2025,2.9,Not Promoted,56
PERF0236,EMP0236,2025,3.9,Not Promoted,24
PERF0237,EMP0237,2025,3.4,Not Promoted,27
PERF0238,EMP0238,2025,4.9,Not Promoted,56
PERF0239,EMP0239,2025,3.7,Not Promoted,42
PERF0240,EMP0240,2025,3.3,Not Promoted,44
PERF0241,EMP0241,2025,4.3,Not Promoted,54
PERF0242,EMP0242,2025,3.5,Not Promoted,48
PERF0243,EMP0243,2025,3.5,Not Promoted,10
PERF0244,EMP0244,2025,3.7,Not Promoted,34
PERF0245,EMP0245,2025,4.2,Not Promoted,47
PERF0246,EMP0246,2025,2.7,Not Promoted,55
PERF0247,EMP0247,2025,3.0,Not Promoted,49
PERF0248,EMP0248,2025,3.2,Not Promoted,24
PERF0249,EMP0249,2025,3.3,Not Promoted,26
PERF0250,EMP0250,2025,3.8,Not Promoted,11
PERF0251,EMP0251,2025,4.1,Not Promoted,15
PERF0252,EMP0252,2025,4.2,Not Promoted,43
PERF0253,EMP0253,2025,2.9,Not Promoted,49
PERF0254,EMP0254,2025,4.1,Not Promoted,21
PERF0255,EMP0255,2025,2.6,Not Promoted,21
PERF0256,EMP0256,2025,3.5,Not Promoted,23
PERF0257,EMP0257,2025,3.9,Not Promoted,48
PERF0258,EMP0258,2025,4.8,Promoted,40
PERF0259,EMP0259,2025,4.4,Not Promoted,30
PERF0260,EMP0260,2025,4.5,Promoted,35
PERF0261,EMP0261,2025,3.0,Not Promoted,60
PERF0262,EMP0262,2025,3.5,Not Promoted,58
PERF0263,EMP0263,2025,2.7,Not Promoted,35
PERF0264,EMP0264,2025,3.1,Not Promoted,11
PERF0265,EMP0265,2025,4.5,Not Promoted,21
PERF0266,EMP0266,2025,5,Not Promoted,31
PERF0267,EMP0267,2025,4.3,Not Promoted,11
PERF0268,EMP0268,2025,3.6,Not Promoted,24
PERF0269,EMP0269,2025,3.3,Not Promoted,51
PERF0270,EMP0270,2025,4.0,Not Promoted,26
PERF0271,EMP0271,2025,3.2,Not Promoted,5
PERF0272,EMP0272,2025,5,Promoted,45
PERF0273,EMP0273,2025,3.7,Not Promoted,27
PERF0274,EMP0274,2025,3.5,Not Promoted,53
PERF0275,EMP0275,2025,3.3,Not Promoted,53
PERF0276,EMP0276,2025,4.8,Not Promoted,17
PERF0277,EMP0277,2025,3.7,Not Promoted,11
PERF0278,EMP0278,2025,5,Not Promoted,14
PERF0279,EMP0279,2025,3.6,Not Promoted,55
PERF0280,EMP0280,2025,3.4,Not Promoted,35
PERF0281,EMP0281,2025,3.7,Not Promoted,6
PERF0282,EMP0282,2025,4.5,Promoted,58
PERF0283,EMP0283,2025,4.0,Not Promoted,11
PERF0284,EMP0284,2025,2.7,Not Promoted,60
PERF0285,EMP0285,2025,3.3,Not Promoted,51
PERF0286,EMP0286,2025,4.9,Not Promoted,13
PERF0287,EMP0287,2025,4.7,Not Promoted,58
PERF0288,EMP0288,2025,3.6,Not Promoted,18
PERF0289,EMP0289,2025,4.5,Not Promoted,31
PERF0290,EMP0290,2025,4.0,Not Promoted,32
PERF0291,EMP0291,2025,4.0,Not Promoted,30
PERF0292,EMP0292,2025,4.3,Not Promoted,55
PERF0293,EMP0293,2025,3.4,Not Promoted,23
PERF0294,EMP0294,2025,3.7,Not Promoted,10
PERF0295,EMP0295,2025,3.9,Not Promoted,44
PERF0296,EMP0296,2025,3.0,Not Promoted,9
PERF0297,EMP0297,2025,2.9,Not Promoted,31
PERF0298,EMP0298,2025,3.6,Not Promoted,43
PERF0299,EMP0299,2025,2.7,Not Promoted,55
PERF0300,EMP0300,2025,4.1,Not Promoted,40
PERF0301,EMP0301,2025,5,Promoted,37
PERF0302,EMP0302,2025,4.4,Not Promoted,40
PERF0303,EMP0303,2025,4.7,Not Promoted,40
PERF0304,EMP0304,2025,3.8,Not Promoted,42
PERF0305,EMP0305,2025,4.6,Not Promoted,13
PERF0306,EMP0306,2025,3.7,Not Promoted,12
PERF0307,EMP0307,2025,3.2,Not Promoted,12
PERF0308,EMP0308,2025,4.7,Not Promoted,44
PERF0309,EMP0309,2025,4.1,Not Promoted,50
PERF0310,EMP0310,2025,2.6,Not Promoted,54
PERF0311,EMP0311,2025,4.1,Not Promoted,28
PERF0312,EMP0312,2025,3.1,Not Promoted,24
PERF0313,EMP0313,2025,5,Not Promoted,25
PERF0314,EMP0314,2025,2.9,Not Promoted,7
PERF0315,EMP0315,2025,2.9,Not Promoted,35
PERF0316,EMP0316,2025,4.2,Not Promoted,16
PERF0317,EMP0317,2025,2.5,Not Promoted,9
PERF0318,EMP0318,2025,3.7,Not Promoted,32
PERF0319,EMP0319,2025,2.9,Not Promoted,30
PERF0320,EMP0320,2025,2.4,Not Promoted,40
PERF0321,EMP0321,2025,4.0,Not Promoted,43
PERF0322,EMP0322,2025,2.5,Not Promoted,16
PERF0323,EMP0323,2025,3.3,Not Promoted,33
PERF0324,EMP0324,2025,4.1,Not Promoted,52
PERF0325,EMP0325,2025,4.0,Not Promoted,45
PERF0326,EMP0326,2025,3.2,Not Promoted,6
PERF0327,EMP0327,2025,3.9,Not Promoted,21
PERF0328,EMP0328,2025,3.0,Not Promoted,21
PERF0329,EMP0329,2025,4.0,Not Promoted,14
PERF0330,EMP0330,2025,2.8,Not Promoted,19
PERF0331,EMP0331,2025,3.6,Not Promoted,32
PERF0332,EMP0332,2025,4.5,Not Promoted,5
PERF0333,EMP0333,2025,4.9,Not Promoted,53
PERF0334,EMP0334,2025,3.8,Not Promoted,31
PERF0335,EMP0335,2025,3.3,Not Promoted,36
PERF0336,EMP0336,2025,3.8,Not Promoted,59
PERF0337,EMP0337,2025,3.0,Not Promoted,50
PERF0338,EMP0338,2025,2.6,Not Promoted,56
PERF0339,EMP0339,2025,3.4,Not Promoted,51
PERF0340,EMP0340,2025,4.4,Not Promoted,54
PERF0341,EMP0341,2025,3.9,Not Promoted,60
PERF0342,EMP0342,2025,3.5,Not Promoted,16
PERF0343,EMP0343,2025,3.5,Not Promoted,32
PERF0344,EMP0344,2025,3.8,Not Promoted,44
PERF0345,EMP0345,2025,4.6,Promoted,37
PERF0346,EMP0346,2025,2.8,Not Promoted,41
PERF0347,EMP0347,2025,2.6,Not Promoted,12
PERF0348,EMP0348,2025,4.1,Not Promoted,17
PERF0349,EMP0349,2025,2.9,Not Promoted,7
PERF0350,EMP0350,2025,2.9,Not Promoted,48
PERF0351,EMP0351,2025,3.3,Not Promoted,57
PERF0352,EMP0352,2025,3.3,Not Promoted,57
PERF0353,EMP0353,2025,3.6,Not Promoted,46
PERF0354,EMP0354,2025,3.6,Not Promoted,45
PERF0355,EMP0355,2025,3.8,Not Promoted,51
PERF0356,EMP0356,2025,3.0,Not Promoted,21
PERF0357,EMP0357,2025,4.2,Not Promoted,34
PERF0358,EMP0358,2025,2.6,Not Promoted,30
PERF0359,EMP0359,2025,2.7,Not Promoted,60
PERF0360,EMP0360,2025,3.7,Not Promoted,50
PERF0361,EMP0361,2025,3.0,Not Promoted,28
PERF0362,EMP0362,2025,4.5,Promoted,52
PERF0363,EMP0363,2025,4.3,Not Promoted,40
PERF0364,EMP0364,2025,4.0,Not Promoted,29
PERF0365,EMP0365,2025,3.4,Not Promoted,18
PERF0366,EMP0366,2025,3.8,Not Promoted,25
PERF0367,EMP0367,2025,4.4,Not Promoted,50
PERF0368,EMP0368,2025,4.5,Not Promoted,10
PERF0369,EMP0369,2025,4.8,Not Promoted,39
PERF0370,EMP0370,2025,3.6,Not Promoted,60
PERF0371,EMP0371,2025,4.3,Not Promoted,60
PERF0372,EMP0372,2025,4.4,Not Promoted,47
PERF0373,EMP0373,2025,2.6,Not Promoted,46
PERF0374,EMP0374,2025,3.7,Not Promoted,7
PERF0375,EMP0375,2025,3.9,Not Promoted,26
PERF0376,EMP0376,2025,4.5,Promoted,28
PERF0377,EMP0377,2025,4.6,Promoted,45
PERF0378,EMP0378,2025,3.0,Not Promoted,15
PERF0379,EMP0379,2025,3.6,Not Promoted,33
PERF0380,EMP0380,2025,3.5,Not Promoted,35
PERF0381,EMP0381,2025,2.3,Not Promoted,14
PERF0382,EMP0382,2025,3.4,Not Promoted,22
PERF0383,EMP0383,2025,3.6,Not Promoted,60
PERF0384,EMP0384,2025,3.8,Not Promoted,36
PERF0385,EMP0385,2025,4.9,Promoted,38
PERF0386,EMP0386,2025,3.4,Not Promoted,33
PERF0387,EMP0387,2025,4.3,Not Promoted,30
PERF0388,EMP0388,2025,2.1,Not Promoted,45
PERF0389,EMP0389,2025,4.7,Promoted,32
PERF0390,EMP0390,2025,4.3,Not Promoted,22
PERF0391,EMP0391,2025,4.5,Promoted,29
PERF0392,EMP0392,2025,3.9,Not Promoted,15
PERF0393,EMP0393,2025,2.7,Not Promoted,22
PERF0394,EMP0394,2025,3.8,Not Promoted,12
PERF0395,EMP0395,2025,3.1,Not Promoted,41
PERF0396,EMP0396,2025,3.2,Not Promoted,21
PERF0397,EMP0397,2025,3.2,Not Promoted,42
PERF0398,EMP0398,2025,3.5,Not Promoted,5
PERF0399,EMP0399,2025,3.5,Not Promoted,38
PERF0400,EMP0400,2025,5,Promoted,33
PERF0401,EMP0401,2025,4.4,Not Promoted,46
PERF0402,EMP0402,2025,5,Promoted,27
PERF0403,EMP0403,2025,3.3,Not Promoted,57
PERF0404,EMP0404,2025,2.7,Not Promoted,20
PERF0405,EMP0405,2025,5,Promoted,32
PERF0406,EMP0406,2025,3.7,Not Promoted,30
PERF0407,EMP0407,2025,3.1,Not Promoted,19
PERF0408,EMP0408,2025,3.0,Not Promoted,29
PERF0409,EMP0409,2025,4.3,Not Promoted,42
PERF0410,EMP0410,2025,4.8,Promoted,28
PERF0411,EMP0411,2025,3.6,Not Promoted,46
PERF0412,EMP0412,2025,3.3,Not Promoted,55
PERF0413,EMP0413,2025,3.9,Not Promoted,42
PERF0414,EMP0414,2025,3.4,Not Promoted,37
PERF0415,EMP0415,2025,2.7,Not Promoted,20
PERF0416,EMP0416,2025,4.0,Not Promoted,34
PERF0417,EMP0417,2025,3.6,Not Promoted,48
PERF0418,EMP0418,2025,2.8,Not Promoted,48
PERF0419,EMP0419,2025,3.3,Not Promoted,18
PERF0420,EMP0420,2025,3.7,Not Promoted,44
PERF0421,EMP0421,2025,3.1,Not Promoted,14
PERF0422,EMP0422,2025,3.5,Not Promoted,41
PERF0423,EMP0423,2025,2.5,Not Promoted,21
PERF0424,EMP0424,2025,5,Not Promoted,10
PERF0425,EMP0425,2025,2.9,Not Promoted,40
PERF0426,EMP0426,2025,1.8,Not Promoted,11
PERF0427,EMP0427,2025,5,Not Promoted,19
PERF0428,EMP0428,2025,3.7,Not Promoted,21
PERF0429,EMP0429,2025,3.8,Not Promoted,57
PERF0430,EMP0430,2025,5,Not Promoted,6
PERF0431,EMP0431,2025,2.6,Not Promoted,12
PERF0432,EMP0432,2025,4.3,Not Promoted,11
PERF0433,EMP0433,2025,3.1,Not Promoted,20
PERF0434,EMP0434,2025,4.5,Promoted,31
PERF0435,EMP0435,2025,3.1,Not Promoted,50
PERF0436,EMP0436,2025,2.3,Not Promoted,55
PERF0437,EMP0437,2025,3.7,Not Promoted,10
PERF0438,EMP0438,2025,3.4,Not Promoted,27
PERF0439,EMP0439,2025,2.6,Not Promoted,38
PERF0440,EMP0440,2025,3.1,Not Promoted,28
PERF0441,EMP0441,2025,2.2,Not Promoted,9
PERF0442,EMP0442,2025,4.5,Not Promoted,21
PERF0443,EMP0443,2025,2.7,Not Promoted,48
PERF0444,EMP0444,2025,2.1,Not Promoted,7
PERF0445,EMP0445,2025,3.8,Not Promoted,32
PERF0446,EMP0446,2025,4.8,Not Promoted,33
PERF0447,EMP0447,2025,2.9,Not Promoted,40
PERF0448,EMP0448,2025,2.8,Not Promoted,20
PERF0449,EMP0449,2025,3.5,Not Promoted,35
PERF0450,EMP0450,2025,3.6,Not Promoted,39
PERF0451,EMP0451,2025,3.7,Not Promoted,44
PERF0452,EMP0452,2025,3.9,Not Promoted,12
PERF0453,EMP0453,2025,3.8,Not Promoted,10
PERF0454,EMP0454,2025,3.6,Not Promoted,25
PERF0455,EMP0455,2025,4.8,Not Promoted,8
PERF0456,EMP0456,2025,4.0,Not Promoted,19
PERF0457,EMP0457,2025,2.1,Not Promoted,24
PERF0458,EMP0458,2025,4.8,Not Promoted,59
PERF0459,EMP0459,2025,3.2,Not Promoted,6
PERF0460,EMP0460,2025,3.9,Not Promoted,25
PERF0461,EMP0461,2025,2.9,Not Promoted,39
PERF0462,EMP0462,2025,3.6,Not Promoted,35
PERF0463,EMP0463,2025,3.2,Not Promoted,59
PERF0464,EMP0464,2025,4.4,Not Promoted,27
PERF0465,EMP0465,2025,3.1,Not Promoted,28
PERF0466,EMP0466,2025,2.8,Not Promoted,46
PERF0467,EMP0467,2025,3.1,Not Promoted,48
PERF0468,EMP0468,2025,2.8,Not Promoted,39
PERF0469,EMP0469,2025,3.8,Not Promoted,17
PERF0470,EMP0470,2025,3.3,Not Promoted,40
PERF0471,EMP0471,2025,3.9,Not Promoted,15
PERF0472,EMP0472,2025,3.3,Not Promoted,58
PERF0473,EMP0473,2025,4.1,Not Promoted,32
PERF0474,EMP0474,2025,3.3,Not Promoted,4
PERF0475,EMP0475,2025,4.3,Not Promoted,13
PERF0476,EMP0476,2025,4.1,Not Promoted,50
PERF0477,EMP0477,2025,2.6,Not Promoted,53
PERF0478,EMP0478,2025,4.5,Not Promoted,44
PERF0479,EMP0479,2025,4.8,Not Promoted,29
PERF0480,EMP0480,2025,4.0,Not Promoted,9
PERF0481,EMP0481,2025,3.7,Not Promoted,16
PERF0482,EMP0482,2025,2.7,Not Promoted,47
PERF0483,EMP0483,2025,3.9,Not Promoted,56
PERF0484,EMP0484,2025,4.2,Not Promoted,11
PERF0485,EMP0485,2025,2.9,Not Promoted,51
PERF0486,EMP0486,2025,3.7,Not Promoted,41
PERF0487,EMP0487,2025,4.6,Not Promoted,4
PERF0488,EMP0488,2025,4.0,Not Promoted,49
PERF0489,EMP0489,2025,3.7,Not Promoted,19
PERF0490,EMP0490,2025,3.5,Not Promoted,44
PERF0491,EMP0491,2025,4.1,Not Promoted,25
PERF0492,EMP0492,2025,3.4,Not Promoted,30
PERF0493,EMP0493,2025,3.0,Not Promoted,47
PERF0494,EMP0494,2025,2.8,Not Promoted,14
PERF0495,EMP0495,2025,4.2,Not Promoted,51
PERF0496,EMP0496,2025,3.4,Not Promoted,43
PERF0497,EMP0497,2025,2.6,Not Promoted,49
PERF0498,EMP0498,2025,3.6,Not Promoted,52
PERF0499,EMP0499,2025,4.2,Not Promoted,24
PERF0500,EMP0500,2025,3.0,Not Promoted,29
